Word,CNC_M
jewellery,6.943
bridge,6.938
volcano,6.931
giraffe,6.912
carrot,6.909
gorilla,6.906
wolf,6.897
elephant,6.891
hippopotamus,6.886
hospital,6.886
bone,6.882
bus,6.882
headphones,6.882
leg,6.882
peanut,6.882
skirt,6.879
horse,6.875
jeans,6.871
tarantula,6.867
goat,6.862
mountain,6.862
spoon,6.862
tree,6.862
car,6.857
cow,6.853
ear,6.853
earphones,6.853
dryer,6.853
kitchen_appliance,6.853
porpoise,6.849
rhinoceros,6.849
pig,6.846
bee,6.844
coffin,6.844
loaf,6.844
dog,6.833
kangaroo,6.833
cake,6.829
iceberg,6.829
toilet,6.829
bread,6.828
ferret,6.828
shirt,6.828
apple,6.824
chipmunk,6.824
tomato,6.824
flashlight,6.824
bicycle,6.818
pineapple,6.818
chimpanzee,6.815
domestic_ass,6.813
building,6.813
diamond,6.813
lorry,6.813
sheep,6.808
camel,6.807
zebra,6.807
bridge,6.8
crab,6.8
crocodile,6.8
koala,6.8
lion,6.8
mattress,6.8
nose,6.8
robin,6.8
skull,6.8
toe,6.8
longbow,6.794
hamster,6.794
chick,6.794
maggot,6.794
milk,6.794
mug,6.794
notepad,6.794
otter,6.794
pint,6.794
potato,6.794
trumpet,6.794
muskrat,6.793
book,6.793
octopod,6.793
caterpillar,6.788
duck,6.788
mouse,6.788
pumpkin,6.788
tank,6.788
lip,6.786
onion,6.786
slug,6.786
tortoise,6.786
lightbulb,6.781
frog,6.778
racquet,6.774
ambulance,6.771
plaster_cast,6.771
fork,6.771
fridge,6.771
harp,6.771
lobster,6.771
rhino,6.771
stethoscope,6.767
apple,6.765
cottage,6.765
daffodil,6.765
diamond,6.765
eye,6.765
glasses,6.765
harmonica,6.765
kitten,6.765
panther,6.765
ship,6.765
shoe,6.765
toothbrush,6.765
wheelbarrow,6.765
shark,6.762
blueberry,6.758
Coca_Cola,6.758
couch,6.758
hat,6.758
motorbike,6.758
storage_tank,6.758
elbow,6.75
keyboard,6.75
logs,6.75
muffin,6.75
padlock,6.75
pasta,6.75
arms,6.743
bean,6.743
bracelet,6.743
cacti,6.743
hippo,6.743
jacket,6.743
kilt,6.743
lettuce,6.743
oven,6.743
shotgun,6.743
stapler,6.743
kitchen_table,6.743
window,6.743
anteater,6.742
lemon,6.742
magazine,6.742
tram,6.742
foxes,6.741
cigarette,6.739
bus,6.735
foot,6.735
peach,6.735
rice,6.735
scissors,6.735
squash,6.735
suitcase,6.735
ankle,6.733
hedgehog,6.733
bullet,6.727
camera,6.727
dustbin,6.727
goldfish,6.727
hawk,6.727
helicopter,6.727
hotel,6.727
iron,6.727
leopard,6.727
orangutan,6.727
gastropod,6.727
sun,6.727
necktie,6.727
RV,6.727
wood,6.727
acorn,6.724
puppy,6.724
towel,6.724
pizza,6.72
computer,6.719
cornflour,6.719
eagle,6.719
eyebrows,6.719
fountain,6.719
mice,6.719
spanner,6.719
boat,6.716
bat,6.714
cabinet,6.714
couch,6.714
desk,6.714
duvet,6.714
forehead,6.714
limb,6.714
microwave_oven,6.714
mouth,6.714
necklace,6.714
knitting_needle,6.714
pen,6.714
snake,6.714
cetacean,6.714
cabinet,6.71
chalk,6.71
flute,6.71
garlic,6.71
melon,6.71
aeroplane,6.706
airplane,6.706
cello,6.706
chest,6.706
head,6.706
pancake,6.706
scorpion,6.706
tiger,6.706
toast,6.706
trousers,6.706
cheese,6.704
phone,6.704
snail,6.704
cockroach,6.7
drums,6.7
breasts,6.697
calf,6.697
canoe,6.697
owl,6.697
paperclip,6.697
postman,6.697
raisin,6.697
rat,6.697
squid,6.697
truck,6.697
vodka,6.697
arms,6.694
bats,6.69
elk,6.69
fruitcake,6.688
lift,6.688
refrigerator,6.688
train,6.687
bathroom,6.686
pear,6.686
sandwich,6.686
teaspoon,6.686
wardrobe,6.686
warehouse,6.686
beetle,6.677
cauliflower,6.677
chairman,6.677
chair,6.677
clarinet,6.677
cooker,6.677
fox,6.677
gloves,6.677
guitar,6.677
jellyfish,6.677
cardigan,6.677
insectivore,6.677
olive,6.677
peacock,6.677
pony,6.677
pram,6.677
pumps,6.677
rat,6.677
river,6.677
spider,6.677
stepstool,6.677
TV,6.677
umbrella,6.677
wristwatch,6.677
musteline_mammal,6.667
bassoon,6.667
boot,6.667
chandelier,6.667
deer,6.667
falcon,6.667
fish,6.667
flask,6.667
flesh,6.667
hand,6.667
insect,6.667
ladybird,6.667
walnut,6.667
seat,6.667
shampoo,6.667
seashell,6.667
spinach,6.667
typewriter,6.667
bed,6.657
cement,6.657
fingers,6.657
hammer,6.657
nectarine,6.657
poodle,6.657
drinking_straw,6.657
thighs,6.657
crow,6.656
flower,6.656
gerbil,6.656
library,6.656
moon,6.656
rattlesnake,6.656
roof,6.656
socks,6.656
wrist,6.656
broccoli,6.655
chin,6.655
drum,6.655
plant,6.655
submarine,6.655
hill,6.654
paper,6.652
arm,6.647
bell,6.647
terrier,6.647
bulldozer,6.647
ceiling,6.647
eyeglasses,6.647
ham,6.647
llama,6.647
mushroom,6.647
notebook,6.647
organs,6.647
parrot,6.647
penis,6.647
airplane,6.647
rabbit,6.647
rose,6.647
sofa,6.647
turtle,6.647
web,6.647
wood,6.647
pea,6.645
razor,6.645
tooth,6.643
vole,6.643
violin,6.64
barrel,6.636
chihuahua,6.636
door,6.636
earth,6.636
skeleton,6.636
aileron,6.636
bird,6.633
nailfile,6.633
macaroni,6.633
penny,6.633
ships,6.633
steak,6.633
thistle,6.633
pearl,6.631
neck,6.63
ant,6.629
beer,6.629
bra,6.629
bunny,6.629
calf,6.629
horn,6.629
cornea,6.629
burger,6.625
coat,6.625
comb,6.625
moth,6.625
peas,6.625
pyramid,6.625
tongue,6.625
belt,6.621
candle,6.621
cigar,6.621
hair,6.621
mansion,6.621
motorway,6.621
teeth,6.621
chef,6.618
coat,6.618
fingernail,6.618
pheasant,6.618
policeman,6.618
ship,6.618
swan,6.618
sweets,6.618
sword,6.618
vegetable,6.618
waterfall,6.618
prow,6.613
pill,6.613
shoes,6.613
wallet,6.613
worm,6.613
dress,6.611
baby,6.607
bag,6.607
shelf,6.607
abdomen,6.606
bone,6.606
celery,6.606
curtain,6.606
handkerchief,6.606
lizard,6.606
pebble,6.606
wasp,6.606
ball,6.6
banana,6.6
bench,6.6
casino,6.6
cherry,6.6
corpse,6.6
daisy,6.6
dildo,6.6
fireplace,6.6
fork,6.6
grapes,6.6
chicken,6.6
keys,6.6
mushroom,6.6
raccoon,6.6
tusk,6.6
bulb,6.594
forest,6.594
moose,6.594
mosquito,6.594
parsley,6.594
piano,6.593
scooter,6.593
ingot,6.588
berry,6.588
bull,6.588
donkey,6.588
fireman,6.588
harbour,6.588
jacuzzi,6.588
backspace_key,6.588
ladder,6.588
luggage,6.588
mirror,6.588
pepper,6.588
pepper,6.588
walrus,6.588
tractor,6.588
locomotive,6.588
bath,6.586
boot,6.586
knife,6.586
feet,6.585
raven,6.581
toad,6.581
windmill,6.581
ape,6.576
basketball,6.576
thighs,6.576
countertop,6.576
crab,6.576
eel,6.576
foot,6.576
dog,6.576
hummingbird,6.576
trash,6.576
pan,6.576
pipe,6.576
baboon,6.571
cinema,6.571
cliff,6.571
duck,6.571
encyclopedia,6.571
finger,6.571
gate,6.571
ocean,6.571
pigeon,6.571
rock,6.571
paperclip,6.571
water,6.571
jeep,6.569
desks,6.567
grape,6.567
book,6.563
bookcase,6.563
grass,6.563
logs,6.563
raspberry,6.563
sausage,6.563
scarf,6.563
sweatshirt,6.563
armadillo,6.559
bacon,6.559
ballroom,6.559
bunkbed,6.559
canal,6.559
lioness,6.559
lungs,6.559
microscope,6.559
monkey,6.559
fastener,6.559
nipple,6.559
oak,6.559
prune,6.559
seesaw,6.559
shrimp,6.559
squirrel,6.559
statue,6.559
stool,6.559
thermometer,6.559
thumb,6.559
tripod,6.559
walrus,6.559
wood,6.559
cockerel,6.556
pencil,6.556
foot,6.552
syringe,6.552
cat,6.548
lake,6.548
skylark,6.548
alligator,6.546
barn,6.546
bike,6.546
bowl,6.546
cane,6.546
coin,6.546
violin,6.546
harpsichord,6.546
jaguar,6.546
lantern,6.546
pamphlet,6.546
pilot,6.546
rifle,6.546
acne,6.546
tablespoon,6.546
television,6.546
termite,6.546
yacht,6.546
board,6.543
canyon,6.543
cap,6.543
sundress,6.543
Pb,6.543
leg,6.543
limousine,6.543
pan,6.543
plane,6.543
plum,6.543
tangerine,6.543
tower,6.543
museum,6.537
purse,6.536
blender,6.533
dice,6.533
potato_chip,6.531
key,6.531
lamb,6.531
lamp,6.531
sandals,6.531
suit,6.531
badge,6.529
breasts,6.529
curry,6.529
ferry,6.529
kiwi,6.529
microphone,6.529
tube,6.529
rainforest,6.529
salmon,6.529
screwdriver,6.529
skirt,6.529
hand_shovel,6.529
spine,6.529
vase,6.529
wine,6.528
fence,6.517
lipstick,6.517
taxi,6.517
beach,6.516
pine_tree,6.516
strawberry,6.516
buoy,6.515
coast,6.515
drill,6.515
gingerbread,6.515
gold,6.515
prawn,6.515
rocket,6.515
woman,6.515
bamboo,6.514
handbag,6.514
cricket,6.514
dollar,6.514
head,6.514
matches,6.514
nuts,6.514
pot,6.514
snow,6.514
stone,6.514
tray,6.514
waistcoat,6.514
accordion,6.5
airport,6.5
apricot,6.5
blade,6.5
bomb,6.5
bookcase,6.5
castle,6.5
cattle,6.5
cheetah,6.5
chocolate,6.5
cloak,6.5
cork,6.5
cream,6.5
cup,6.5
eye,6.5
eyelashes,6.5
knee,6.5
knuckles,6.5
animal_group,6.5
mallet,6.5
mule,6.5
muscle,6.5
page,6.5
paintbrush,6.5
painter,6.5
park,6.5
pelvis,6.5
pepper,6.5
pie,6.5
marjoram,6.5
scarecrow,6.5
shell,6.5
sink,6.5
skyscraper,6.5
sock,6.5
soil,6.5
sweater,6.5
ticket,6.5
waitress,6.5
ostrich,6.493
banjo,6.486
barge,6.486
cactus,6.486
lighthouse,6.486
peppermint,6.486
testicles,6.486
beard,6.485
breast,6.485
fireworks,6.485
granite,6.485
handbag,6.485
jungle,6.485
revolver,6.485
surfer,6.485
telephone,6.485
tobacco,6.485
cod,6.484
igloo,6.484
plate,6.484
sterling,6.484
railroad,6.484
skin,6.484
bear,6.483
yak,6.483
anchor,6.471
beef,6.471
boxer,6.471
bride,6.471
jail_cell,6.471
doorman,6.471
dough,6.471
gardener,6.471
jam,6.471
vulture,6.471
medal,6.471
oyster,6.471
shirt,6.471
vein,6.471
woods,6.471
bonnet,6.469
caravan,6.469
chisel,6.469
hammer,6.469
penguin,6.469
weapon,6.469
clock,6.467
vagina,6.467
chips,6.464
cabin,6.457
crayon,6.457
freckle,6.457
grave,6.457
jail,6.457
plug,6.457
ship,6.457
tent,6.457
throat,6.457
throne,6.457
tweezers,6.457
tyre,6.457
university,6.457
auditorium,6.455
blacksmith,6.455
glove,6.455
granny,6.455
gym,6.455
hallway,6.455
lid,6.455
remote_control,6.455
yo-yo,6.455
albatross,6.453
apron,6.452
butterfly,6.452
confetti,6.452
glass,6.452
lime,6.452
oboe,6.452
plaster,6.452
shawl,6.452
beak,6.441
buffalo,6.441
bulb,6.441
dagger,6.441
deck,6.441
gun,6.441
jug,6.441
machine,6.441
magazine,6.441
panda,6.441
parachute,6.441
pillow,6.441
kitty-cat,6.441
python,6.441
stallion,6.441
cotton,6.438
knuckle,6.438
oats,6.438
scalp,6.438
tie,6.438
cannon,6.433
dynamite,6.433
hands,6.433
whisky,6.433
wildebeest,6.433
bottle,6.429
box,6.429
maize,6.429
envelope,6.429
goose,6.429
rubble,6.429
jewellery,6.429
ketchup,6.429
toy,6.429
bird,6.429
laces,6.429
leaves,6.429
nail,6.429
screws,6.429
pipe,6.429
pole,6.429
reindeer,6.429
reptile,6.429
school,6.429
sperm,6.429
stag,6.429
surgeon,6.429
toucan,6.429
trophy,6.429
tree_trunk,6.429
animal,6.424
astronaut,6.424
duster,6.424
flea,6.424
kiwi_fruit,6.424
Mom,6.424
mug,6.424
sauna,6.424
weasel,6.424
beagle,6.419
grandfather,6.419
penicillin,6.419
spade,6.419
structural_member,6.419
tomb,6.419
trout,6.417
alcohol,6.412
arrow,6.412
axe,6.412
barley,6.412
boy,6.412
cathedral,6.412
cocaine,6.412
compass,6.412
baseball,6.412
dancer,6.412
egg,6.412
grandma,6.412
kids,6.412
leather,6.412
mammoth,6.412
pharmacist,6.412
pharmacy,6.412
pretzel,6.412
wheat,6.412
women,6.412
animals,6.406
battery,6.406
cloth,6.406
collar,6.406
excrement,6.406
peanut,6.406
stove,6.406
antelope,6.4
attic,6.4
chemist,6.4
chestnut,6.4
brake,6.4
peacock,6.4
grasshopper,6.4
goat,6.4
lice,6.4
orchard,6.4
radiator,6.4
stone,6.4
urine,6.4
vinegar,6.4
beaker,6.394
caviar,6.394
dictionary,6.394
gardens,6.394
ground,6.394
paint,6.394
pork,6.394
street,6.394
shoe,6.394
house,6.391
grandmother,6.389
butt,6.387
claws,6.387
electrician,6.387
girl,6.387
harp,6.387
heater,6.387
twins,6.387
ass,6.382
button,6.382
clothes,6.382
cocktail,6.382
doctor,6.382
farmer,6.382
insect,6.382
folder,6.382
garden,6.382
key,6.382
kite,6.382
lawyer,6.382
log,6.382
nest,6.382
pond,6.382
sheepskin,6.382
stick,6.382
tank,6.382
room,6.382
dentist,6.375
ice,6.375
lip,6.375
mosque,6.375
soldier,6.375
synagogue,6.375
thigh,6.375
pub,6.371
sword_cane,6.371
cemetery,6.371
chapel,6.371
dinosaur,6.371
doll,6.371
engine,6.371
factory,6.371
heel,6.371
kidney,6.371
limb,6.371
locker,6.371
ornament,6.371
person,6.371
pump,6.371
snowman,6.371
stick,6.371
ticket,6.371
tulip,6.371
wheel,6.371
lawn,6.371
card,6.367
sugar,6.367
amphibian,6.364
ribbon,6.364
catapult,6.364
cheque,6.364
continent,6.364
dandruff,6.364
fire,6.364
golf,6.364
bandage,6.364
harbour,6.364
president,6.364
salt,6.364
steel,6.364
wart,6.364
buzzard,6.357
page,6.357
brain,6.355
girls,6.355
pier,6.355
beehive,6.353
corn,6.353
highway,6.353
lace,6.353
lady,6.353
locket,6.353
bolt,6.353
toy,6.353
luggage,6.353
tsunami,6.353
monument,6.348
crown,6.345
gravel,6.345
thimble,6.345
bridesmaids,6.344
circus,6.344
concrete,6.344
silk,6.344
toast,6.344
wall,6.344
beverage,6.343
chain,6.343
cola,6.343
drawers,6.343
artifact,6.343
meat,6.343
pistol,6.343
plug,6.343
stadium,6.343
clown,6.339
mannequin,6.333
grenade,6.333
ink,6.333
nut,6.333
student,6.333
sapphire,6.333
sherry,6.333
stamp,6.333
straw,6.333
discotheque,6.324
coffee,6.324
flames,6.324
golfer,6.324
leaf,6.324
liquor,6.324
mussel,6.324
inkpen,6.324
pin,6.324
puffin,6.324
sauce,6.324
skunk,6.324
notepaper,6.324
stomach,6.324
store,6.324
ladies,6.323
seed,6.323
slippers,6.323
wagon,6.323
porpoise,6.321
vehicle,6.321
cap,6.314
drill,6.314
tumblers,6.314
lecturer,6.314
lumber,6.314
piano,6.314
measuring_stick,6.314
amplifier,6.314
sunburn,6.314
packet,6.313
food,6.313
island,6.313
football,6.31
musket,6.31
bungalow,6.303
carriage,6.303
fist,6.303
gazelle,6.303
mole,6.303
pint,6.303
restaurant,6.303
lawn,6.3
mint,6.3
surgery,6.3
butcher,6.294
cashier,6.294
coins,6.294
maid,6.294
courtyard,6.294
dustpan,6.294
hooves,6.294
jet,6.294
mammal,6.294
midwife,6.294
nutmeg,6.294
pool,6.294
billiards,6.294
pot,6.294
rain,6.294
rod,6.294
bread,6.294
sprout,6.294
trunk,6.294
box,6.29
lemonade,6.29
loaf,6.29
palace,6.29
cock,6.288
baker,6.286
dolls,6.286
elevator,6.286
furniture,6.286
jewel,6.286
letter,6.286
projector,6.286
saxophone,6.286
slaughterhouse,6.286
soil,6.286
starfish,6.286
steward,6.286
student,6.286
vest,6.286
zeppelin,6.286
bead,6.281
grampa,6.281
factory,6.281
armour,6.273
bride,6.273
nettle,6.273
pimple,6.273
coil,6.273
wool,6.273
farm,6.267
telescope,6.267
yolk,6.267
bar,6.265
boulder,6.265
finger,6.265
engineer,6.265
faeces,6.265
glue,6.265
instrument,6.265
juggler,6.265
branch,6.265
oil,6.265
peg,6.265
twig,6.265
utensil,6.265
hammock,6.258
storeroom,6.258
bass_guitar,6.257
crossbow,6.257
Dad,6.257
gin,6.257
grain,6.257
supermarket,6.257
tool,6.257
archer,6.25
broom,6.25
chauffeur,6.25
jumper,6.25
log,6.25
office,6.25
sole,6.25
typhoon,6.25
brother,6.242
candyfloss,6.242
clothing,6.242
fur,6.242
garbage,6.242
nun,6.242
plant,6.242
prostitute,6.242
screw,6.242
sex,6.242
thorn,6.242
vet,6.242
wishing_well,6.242
ring,6.241
weapons,6.235
banker,6.235
coke,6.235
dock,6.235
king,6.235
knot,6.235
poster,6.235
spirits,6.235
soup,6.235
surf,6.235
womb,6.235
butter,6.233
cranium,6.233
biscuit,6.229
boiler,6.229
dashboard,6.229
builder,6.229
lightbulb,6.229
pigeon,6.229
pianist,6.229
rollercoaster,6.229
stave,6.229
star,6.229
toddler,6.229
goggles,6.226
people,6.226
salad,6.226
brush,6.219
sculpture,6.219
jigsaw,6.219
jigsaw_puzzle,6.219
rail,6.219
stripper,6.219
tinsel,6.219
bison,6.214
metal,6.214
leggings,6.212
walnut,6.212
dish,6.207
cash,6.206
cue_stick,6.206
fan,6.206
globe,6.206
honeycomb,6.206
kids,6.206
lock,6.206
marquee,6.206
petal,6.206
pocket,6.206
robber,6.206
cards,6.206
wire,6.206
barnacle,6.2
basket,6.2
carnival,6.2
drawer,6.2
cushion,6.2
hog,6.2
prison,6.2
secretary,6.2
skijump,6.2
manure,6.194
police,6.194
road,6.194
dock,6.188
grain,6.188
hood,6.188
scab,6.188
soup,6.188
temple,6.188
field,6.182
fortress,6.182
librarian,6.182
morgue,6.182
novel,6.182
orange,6.182
pickle,6.182
runner,6.182
skis,6.182
sulphur,6.182
forehead,6.182
whip,6.182
cowboy,6.177
crater,6.177
dessert,6.177
fisherman,6.177
goblet,6.177
mechanic,6.177
thing,6.177
pliers,6.177
dog_pound,6.177
psychiatrist,6.177
rectangle,6.177
seahorse,6.177
land,6.175
sea_bass,6.171
tin_foil,6.171
fort,6.171
fungus,6.171
maid,6.171
wart,6.171
professor,6.171
strap,6.171
ulcer,6.171
child,6.167
organ,6.167
sink,6.167
gymnast,6.161
tail,6.161
trainer,6.161
veins,6.161
matches,6.156
missile,6.156
rod,6.156
savings_bank,6.152
baseball_bat,6.152
boxer,6.152
camp,6.152
chameleon,6.152
dung,6.152
runner,6.152
knots,6.152
sewer,6.152
blister,6.147
sugarcane,6.147
carpet,6.147
college,6.147
fabric,6.147
journal,6.147
lagoon,6.147
postal_service,6.147
animal_group,6.147
rooster,6.147
staple,6.147
stern,6.147
cellar,6.143
father,6.143
gorge,6.143
lock,6.143
pence,6.143
rainbow,6.143
veterinarian,6.143
monk,6.133
wigwam,6.129
alley,6.125
desert,6.125
wine,6.125
square,6.125
wrestler,6.125
cafe,6.121
cervix,6.121
cube,6.121
dinner,6.121
headlights,6.121
stubble,6.121
tornado,6.121
dough,6.118
dungeon,6.118
hook,6.118
liquid,6.118
moss,6.118
gift,6.118
tail_fin,6.118
ski,6.118
snack,6.118
fish,6.118
feces,6.118
waiter,6.118
courtyard,6.118
zoo,6.118
candy,6.114
carpenter,6.114
penis,6.114
crystal,6.114
earthquake,6.114
medallion,6.114
pastry,6.114
sister,6.114
yarn,6.114
army,6.103
jam,6.1
mill,6.1
pole,6.097
radio,6.097
children,6.094
hay,6.094
hoof,6.094
mast,6.094
mustard,6.094
taser,6.094
ticket,6.094
bowel,6.091
prostitute,6.091
Mum,6.091
plot,6.091
pool,6.091
queen,6.091
ruler,6.091
scars,6.091
spear,6.091
stalk,6.091
coach,6.091
chess,6.088
employer,6.088
gem,6.088
iron,6.088
jewels,6.088
man,6.088
petrol,6.088
rust,6.088
scar,6.088
trimmer,6.088
veal,6.088
finger,6.086
dove,6.086
glacier,6.086
motor,6.086
pecan,6.086
planing,6.086
pudding,6.086
scale,6.086
thesaurus,6.086
wound,6.086
orchestra,6.075
face,6.067
reef,6.065
bark,6.063
bridle,6.063
icing,6.063
package,6.063
playing_field,6.063
vicar,6.063
knots,6.061
leash,6.061
ribbon,6.059
businessman,6.059
document,6.059
exam,6.059
navel,6.059
tapestry,6.059
theatre,6.059
tube,6.059
blood,6.057
board,6.057
cloud,6.057
comet,6.057
vehicle,6.057
correspondence,6.057
supply_chamber,6.057
meadow,6.057
sea,6.057
stream,6.057
torch,6.057
twin,6.057
vomit,6.057
tanker,6.036
pottery,6.035
prince,6.035
pulley,6.035
arrows,6.033
avalanche,6.033
bayonet,6.033
chest,6.033
heart,6.033
frock,6.032
leprosy,6.032
plantation,6.032
quay,6.032
rubble,6.032
viola,6.032
actress,6.031
balloon,6.031
gallery,6.031
leaflet,6.031
nurse,6.031
swimmer,6.031
tennis,6.031
toys,6.031
crumb,6.03
hernia,6.03
hurricane,6.03
joiner,6.03
lightning,6.03
swim,6.03
wing,6.03
asteroid,6.029
ball,6.029
boss,6.029
climber,6.029
container,6.029
corner,6.029
fig,6.029
flood,6.029
herb,6.029
hound,6.029
mask,6.029
miner,6.029
mustang,6.029
pope,6.029
poultry,6.029
rash,6.029
scalpel,6.029
son,6.029
spaceship,6.029
spit,6.029
sponge,6.029
sticking,6.029
storage_tank,6.029
valley,6.029
veteran,6.029
deck,6.028
coast,6.015
architect,6
arse,6
bazooka,6
belly,6
bishop,6
bridle,6
blouse,6
body,6
brassiere,6
calendar,6
church,6
conductor,6
callosity,6
cut,6
diver,6
drummer,6
dwarf,6
elm,6
father,6
florist,6
hovercraft,6
hydrant,6
infant,6
traffic_jam,6
kipper,6
pedestal,6
lynx,6
mall,6
mother,6
pail,6
park,6
portrait,6
prairie,6
quarry,6
ribs,6
robe,6
saloon,6
stage,6
star,6
suit,6
sunset,6
village,6
whisker,6
bandage,5.971
basement,5.971
boxing,5.971
cave,5.971
chip,5.971
cradle,5.971
dirt,5.971
husband,5.971
murderer,5.971
nectar,5.971
officer,5.971
platter,5.971
ranch,5.971
shore,5.971
trash,5.971
ammunition,5.97
packet,5.97
plank,5.97
stem,5.97
fabric,5.97
stairwell,5.969
cut,5.969
flint,5.969
seal,5.969
claw,5.968
foam,5.968
hall,5.968
banner,5.967
carp,5.967
penthouse,5.967
wand,5.967
truncheon,5.958
sweat,5.944
computer,5.943
blonde,5.943
clove,5.943
Facebook,5.943
noose,5.943
gallon,5.943
wrapper,5.943
corner,5.941
crust,5.941
daughter,5.941
inn,5.941
lights,5.941
mask,5.941
nephew,5.941
planet,5.941
plaster,5.941
straw,5.941
cheek,5.939
politician,5.939
scientist,5.939
sparrow,5.939
credit_union,5.938
corridor,5.938
creek,5.938
movie,5.938
album,5.936
fut,5.936
grandpa,5.936
maids,5.936
photo,5.936
steroids,5.936
crops,5.933
cymbals,5.933
blimp,5.931
plumber,5.931
quill,5.931
axle,5.929
city,5.929
griddle,5.926
dresser,5.914
cage,5.914
pussy,5.914
bullet,5.914
swamp,5.914
coach,5.912
jelly,5.912
picture,5.912
poker,5.912
heatbeat,5.912
tape,5.912
structure,5.909
path,5.909
ruby,5.909
shotgun,5.909
vulture,5.909
abbey,5.906
anus,5.906
riverbank,5.906
bongo,5.906
chute,5.906
flour,5.906
stain,5.906
tumour,5.906
aspirin,5.903
bridegroom,5.903
photographer,5.903
wholesaler,5.903
emerald,5.9
bridesmaid,5.886
club,5.886
raindrop,5.886
gag,5.886
hostess,5.886
patient,5.886
message,5.886
pulpit,5.885
blubber,5.882
smudge,5.882
staff,5.882
string,5.882
bald,5.879
comedian,5.879
decorator,5.879
sports_fan,5.879
jackal,5.879
jockey,5.879
judge,5.879
kiosk,5.879
text,5.879
toga,5.879
trailer,5.879
acrobat,5.875
altar,5.875
crowd,5.875
garter,5.875
roast,5.875
nursery,5.875
spa,5.871
dome,5.867
rocket,5.867
wrench,5.867
money,5.857
inspector,5.857
midget,5.857
cards,5.857
drink,5.857
breakfast,5.853
port,5.853
playing_card,5.853
birth,5.849
film,5.849
infirmary,5.849
ironing,5.849
punch,5.849
technician,5.849
whistle,5.849
beggar,5.844
lager,5.844
puke,5.844
smile,5.844
spire,5.844
spurs,5.844
perfume,5.839
attendant,5.829
cough,5.829
pound,5.829
trial,5.829
yard,5.829
cell,5.824
column,5.824
colonel,5.824
litter,5.824
criminal,5.818
drugs,5.818
driving,5.818
file,5.818
mail,5.818
leader,5.818
screw,5.818
shooting,5.818
ton,5.818
yarn,5.818
accountant,5.813
stick,5.813
animal,5.813
geologist,5.813
pus,5.813
town,5.813
cape,5.807
coach,5.807
hockey,5.807
knock,5.807
nanny,5.807
neighbour,5.807
pupil,5.807
bouquet,5.8
eat,5.8
fuel,5.8
honey,5.8
insecticide,5.8
parade,5.8
text,5.8
tomahawk,5.8
vaccination,5.8
backwash,5.8
colonel,5.794
frame,5.794
headquarters,5.794
heroin,5.794
Mummy,5.794
shooting,5.794
temple,5.794
vessel,5.794
periodical,5.793
traffic,5.793
armoury,5.788
riverbank,5.788
brow,5.788
cavity,5.788
parcel,5.788
band,5.781
crucifix,5.781
garment,5.781
hanky,5.781
swing,5.781
maize,5.774
bronze,5.771
keg,5.771
face,5.771
injection,5.771
piston,5.769
cells,5.767
bosom,5.765
number,5.765
funeral,5.765
matron,5.765
poison,5.765
sailor,5.765
veil,5.765
wrestling,5.765
weapon,5.758
sail,5.758
sew,5.758
stagecoach,5.758
large,5.758
workhouse,5.758
wound,5.758
roast,5.75
cyclone,5.75
market,5.75
mucous,5.75
apoplexy,5.75
explorer,5.743
ironing,5.743
skyline,5.743
hair,5.742
beans,5.742
abdominal,5.735
barrier,5.735
coral,5.735
drawing,5.735
gadget,5.735
slope,5.735
mixture,5.735
food,5.735
watch,5.735
player,5.733
cleaner,5.727
crop,5.727
estate,5.727
intersection,5.727
fellatio,5.727
friend,5.727
aisle,5.719
cricket,5.719
plough,5.719
bank,5.714
building_complex,5.714
concert,5.714
fart,5.714
grease,5.714
landscape,5.714
blue,5.714
queue,5.71
tennis,5.71
war,5.71
admiral,5.706
archery,5.706
fiddle,5.706
nucleus,5.706
pine,5.706
property,5.706
rattle,5.706
shield,5.706
sport,5.706
actor,5.7
auctioneer,5.7
pumps,5.7
assassin,5.697
attacker,5.697
audience,5.697
brunette,5.697
clover,5.697
handle,5.697
lump,5.697
skiing,5.697
slap,5.697
smoker,5.697
rugby,5.69
video,5.69
barge,5.688
campus,5.688
dummy,5.688
germs,5.688
letter_of_the_alphabet,5.688
cannabis,5.688
slab,5.688
vaccine,5.688
ashes,5.686
burial,5.686
tennis_court,5.686
executioner,5.686
kiss,5.686
post,5.686
table,5.686
wedding,5.686
ivory,5.679
aunt,5.677
dust,5.677
dye,5.677
glitter,5.677
herring,5.677
obesity,5.677
performer,5.677
princess,5.677
vitamin,5.677
court_of_law,5.667
henchman,5.667
isle,5.667
millionaire,5.667
niece,5.667
whalebone,5.667
bunk,5.657
clam,5.657
foil,5.657
kneel,5.657
slide,5.657
butler,5.656
costume,5.656
root,5.656
shade,5.656
groom,5.647
lane,5.647
payroll,5.647
world,5.647
mural,5.645
movie,5.643
carcass,5.636
choir,5.636
clergy,5.636
coaster,5.636
composer,5.636
editor,5.636
graph,5.636
net,5.636
colleage,5.636
ensemble,5.629
navy,5.629
parlour,5.625
salsa,5.625
shrew,5.625
baggage,5.621
award,5.618
bacteria,5.618
country,5.618
cowboy,5.618
priest,5.618
litre,5.618
manager,5.618
military,5.618
organism,5.618
blockage,5.618
psychologist,5.618
ranger,5.618
workforce,5.618
trench,5.618
waist,5.618
rheumatism,5.609
lunch,5.606
material,5.606
novel,5.606
celebration,5.606
applause,5.6
numbers,5.6
drug,5.6
employee,5.6
frozen,5.6
lubricant,5.6
marsh,5.6
parasite,5.6
wave,5.6
beautician,5.594
bracket,5.594
cloud,5.594
item,5.594
jogging,5.594
maze,5.594
stain,5.594
varnish,5.594
dead,5.588
inch,5.588
hug,5.588
jury,5.588
passageway,5.588
spark,5.588
bugle,5.583
treasurer,5.583
geographic_point,5.581
hitting,5.581
dune,5.581
kick,5.581
gullet,5.577
author,5.576
camper,5.576
fuse,5.576
kissing,5.576
malaria,5.576
pickle,5.576
surfing,5.576
banks,5.571
bubble,5.571
eruption,5.571
proprietor,5.571
human,5.567
amplifier,5.563
cancer,5.563
coal,5.563
ford,5.563
grave,5.563
speaker,5.563
brass_band,5.559
currant,5.559
pimp,5.559
solid,5.559
burglar,5.552
pet,5.552
queen,5.552
crag,5.55
fiber,5.548
hull,5.548
artist,5.546
contract,5.546
convoy,5.546
mates,5.546
physician,5.546
polyester,5.546
reporter,5.546
street,5.546
wrestle,5.546
dance,5.543
living_thing,5.543
organization,5.543
councillor,5.543
crutch,5.543
minister,5.543
moving_ridge,5.543
sunshine,5.533
spot,5.531
sunlight,5.531
sunrise,5.531
trap,5.531
trinket,5.531
wife,5.531
yeast,5.531
case,5.53
government,5.529
hatch,5.529
line,5.529
pussy,5.529
racket,5.529
script,5.529
singer,5.529
smallpox,5.529
food,5.519
mould,5.517
court,5.516
fly,5.516
lighting,5.516
reel,5.516
store,5.516
uncle,5.516
cuisine,5.515
jailer,5.515
knifed,5.515
correspondence,5.515
bow,5.514
brake,5.514
duke,5.514
grin,5.514
hit,5.514
group,5.514
spinning_top,5.514
brass,5.5
intercourse,5.5
sack,5.5
scholar,5.5
shaft,5.5
spring,5.5
therapist,5.5
cuddle,5.486
surface,5.486
tourist,5.486
atom,5.485
cook,5.485
friend,5.485
outdoors,5.485
perspiration,5.485
claymore,5.474
graduate,5.471
jog,5.471
airstrip,5.471
records,5.471
contest,5.471
dramatic_play,5.471
sketch,5.471
spouse,5.471
cards,5.469
county,5.469
joint,5.469
murder,5.469
adults,5.457
asthma,5.457
bloke,5.457
cord,5.457
examination,5.457
flap,5.457
storm,5.457
abattoir,5.455
festival,5.455
gear,5.455
prune,5.455
pulse,5.455
sage,5.455
crash,5.452
spray,5.452
lark,5.448
tweed,5.448
clutch,5.441
indoor,5.441
web,5.441
yellow,5.441
belfry,5.438
mound,5.438
porter,5.438
vaccinate,5.438
gown,5.433
archive,5.429
beet,5.429
counter,5.429
fluid,5.429
galleon,5.429
hostage,5.429
letters,5.429
methane,5.429
nylon,5.429
waving,5.429
escapee,5.424
steam,5.424
punch,5.419
slime,5.419
squat,5.417
trellis,5.417
lapel,5.414
athletics,5.412
cobble,5.412
curb,5.412
equipment,5.412
contest,5.412
masturbate,5.412
molecule,5.412
roofer,5.412
sole,5.412
ward,5.412
diploma,5.406
parking,5.406
pelt,5.406
assistant,5.4
sit,5.4
strangle,5.4
turf,5.4
blond,5.394
blossom,5.394
boxing,5.394
brasserie,5.394
creature,5.394
killer,5.394
monarchy,5.394
ringing,5.394
smoke,5.394
transportation,5.394
chalice,5.393
teacher,5.393
battle,5.387
louse,5.387
opium,5.387
poet,5.387
sing,5.387
data,5.382
device,5.382
gash,5.382
intruder,5.382
literature,5.382
measles,5.382
outside,5.382
oxygen,5.382
purple,5.382
storage,5.382
arch,5.375
avenue,5.375
woman,5.375
black,5.371
dancing,5.371
rapist,5.371
behind,5.371
musician,5.367
scrum,5.367
abortion,5.364
atoms,5.364
counsellor,5.364
twosome,5.364
stick,5.364
copulate,5.364
medicine,5.364
mink,5.364
salute,5.364
firing,5.355
note,5.355
advisor,5.353
appliance,5.353
autopsy,5.353
bandits,5.353
burn,5.353
electricity,5.353
fungal,5.353
infection,5.353
knit,5.353
obese,5.353
rabies,5.353
robbery,5.353
piece,5.353
triangle,5.353
wink,5.353
pink,5.344
torturer,5.344
waltz,5.344
click,5.343
list,5.343
oval,5.343
report,5.343
tango,5.343
astronomer,5.333
bomber,5.333
fat,5.333
galley,5.333
paste,5.333
cooking,5.333
stirring,5.333
terrorist,5.333
tour,5.333
boil,5.324
pinochle,5.324
camouflage,5.324
fiddler,5.324
girdle,5.324
model,5.324
party,5.324
pump,5.324
sports,5.324
binding,5.324
yoga,5.324
binder,5.323
auction,5.314
blind,5.314
commander,5.314
label,5.314
maiden,5.314
sharp,5.314
springtime,5.314
froth,5.313
hooker,5.313
loins,5.313
muscular,5.313
funeral,5.313
brightness,5.303
muddy,5.303
rabbi,5.303
sweeper,5.303
target,5.303
picket,5.3
tar,5.3
block,5.294
cover,5.294
exhibition,5.294
flight,5.294
slush,5.294
tall,5.294
circular,5.29
guard,5.29
illness,5.286
monarch,5.286
music,5.286
shave,5.286
test,5.286
hit,5.281
conference,5.281
cruise,5.281
digestion,5.281
slaughter,5.281
wilderness,5.281
marshal,5.273
sediment,5.273
ambassador,5.267
eatery,5.265
hammering,5.265
prosecutor,5.265
voice,5.265
botanist,5.259
died,5.258
money,5.257
collage,5.257
crying,5.257
sky,5.257
sting,5.257
sunny,5.257
vacation,5.257
autumn,5.25
beating,5.242
construction,5.242
filing,5.242
mistress,5.242
sphere,5.242
tango,5.242
knight,5.241
clan,5.235
course_of_study,5.235
executing,5.235
mile,5.235
paralysis,5.235
location,5.235
shot,5.235
soya,5.235
flatulence,5.233
mildew,5.233
track,5.233
build,5.229
physique,5.229
sex,5.229
trio,5.229
weight,5.229
bandit,5.226
cortex,5.226
gift,5.226
metre,5.219
musketeers,5.219
writer,5.219
yak,5.219
daylight,5.212
harness,5.212
letter_of_the_alphabet,5.212
vestibule,5.208
colour,5.206
inch,5.206
lecture,5.206
pointing,5.206
refreshment,5.206
shelter,5.206
starve,5.206
sweaty,5.206
treasure,5.206
furry,5.2
hanged,5.2
ledge,5.2
product,5.2
internet,5.2
conqueror,5.194
amber,5.188
drought,5.188
naval,5.188
hearth,5.185
biology,5.182
feline,5.182
convulsion,5.182
rusty,5.182
shape,5.182
stack,5.182
amputate,5.177
music,5.177
brunch,5.177
carbon,5.177
fibre,5.177
lesbian,5.177
mob,5.177
resident,5.177
stab,5.177
bake,5.171
edge,5.171
message,5.171
nutrient,5.171
object,5.171
plasma,5.171
rent,5.171
run,5.171
yards,5.171
demolish,5.167
hamlet,5.161
american,5.161
merchant,5.161
prisoner,5.161
hard,5.156
rider,5.156
orator,5.156
sultan,5.156
brown,5.152
disco,5.152
graph,5.152
sweep,5.152
visa,5.152
wind,5.152
carbohydrate,5.147
catching,5.147
damp,5.147
dressing,5.147
area,5.147
seasonings,5.147
inventory,5.147
bollocks,5.143
calcium,5.143
criminal,5.143
crunchy,5.143
messenger,5.143
nude,5.143
smiling,5.143
stripping,5.143
vandal,5.143
winter,5.143
botany,5.138
cows,5.138
lilac,5.133
poetry,5.129
bulge,5.125
Dame,5.125
ditch,5.125
galaxy,5.125
payment,5.125
syphilis,5.125
patch,5.121
running,5.121
torching,5.121
brewer,5.118
fighter,5.118
retailer,5.118
shoot,5.118
voter,5.118
crisp,5.114
crying,5.114
lawsuit,5.114
polish,5.114
push,5.114
record,5.114
sketch,5.114
thicket,5.103
electronic,5.097
crest,5.094
gale,5.094
legislator,5.094
cranking,5.091
deaf,5.091
flabby,5.091
solidifying,5.091
suburb,5.091
tumbler,5.091
vacuum,5.091
bloody,5.088
drafting,5.088
frown,5.088
illustration,5.088
junk,5.088
peddle,5.088
striking,5.088
virus,5.088
restraints,5.086
burner,5.086
Christmas,5.086
cloudy,5.086
fleet,5.086
graduation,5.086
judge,5.086
lottery,5.086
pack,5.086
lumber,5.065
digital,5.063
inventor,5.063
naked,5.063
sentence,5.063
filming,5.063
peel,5.061
squatting,5.061
address,5.059
blaze,5.059
disease,5.059
grey,5.059
lift,5.059
repairing,5.059
till,5.059
work,5.059
write,5.059
barking,5.057
birthday,5.057
camp,5.057
digits,5.057
lad,5.057
nugget,5.057
squash,5.057
slave,5.048
traction,5.046
child,5.04
masking,5.032
money,5.032
civilian,5.031
dawn,5.031
costume,5.031
emporium,5.031
moisture,5.031
red,5.031
riot,5.031
thief,5.031
unit,5.031
cutting,5.03
poisoned,5.03
squad,5.03
toxin,5.03
yeti,5.03
biting,5.029
bully,5.029
chief,5.029
convict,5.029
couple,5.029
fighting,5.029
fragrance,5.029
heroine,5.029
marking,5.029
orgasm,5.029
ounce,5.029
poke,5.029
rash,5.029
bass,5
brew,5
bundle,5
chord,5
circuit,5
cold,5
cross,5
dealing,5
evening,5
family,5
inch,5
fever,5
harvest,5
herd,5
hitting,5
injury,5
institution,5
killed,5
muck,5
animal_group,5
graph,5
posture,5
rape,5
scurvy,5
symphony,5
triangular,5
assassinate,4.971
bust,4.971
cry,4.971
date,4.971
draw,4.971
exercise,4.971
geology,4.971
inhabitant,4.971
invader,4.971
record,4.971
mark,4.971
married,4.971
mechanism,4.971
moist,4.971
public,4.971
region,4.971
shit,4.971
slip,4.971
sticky,4.971
summer,4.971
trampled,4.971
burgle,4.97
chemistry,4.97
execution,4.97
gymnastics,4.97
hooded,4.97
weave,4.97
night,4.969
nightfall,4.969
light,4.968
print,4.968
surveyor,4.968
wench,4.968
swimming,4.966
fans,4.943
gasp,4.943
heir,4.943
massacre,4.943
obstacle,4.943
paralyse,4.943
reptilian,4.943
wiring,4.943
bark,4.941
breaking,4.941
digit,4.941
hearing,4.941
million,4.941
piece,4.941
roll,4.941
outer_space,4.941
tweet,4.941
wank,4.941
committee,4.939
grime,4.939
sealing,4.939
traveller,4.939
carry,4.938
dressed,4.938
germinate,4.938
holidays,4.938
pitch,4.938
stroking,4.938
crevice,4.936
juggle,4.936
adult,4.933
circle,4.931
explanation,4.926
paging,4.917
lying,4.914
passing,4.914
recording,4.914
seasoning,4.914
stroke,4.914
breeze,4.914
wharf,4.913
abduction,4.912
blubber,4.912
carol,4.912
damsel,4.912
flab,4.912
paragraph,4.912
prick,4.912
playing,4.912
stall,4.912
waking,4.912
evidence,4.909
throw,4.909
pinch,4.906
scald,4.906
point,4.903
chairman,4.897
imam,4.895
overcast,4.893
appointment,4.886
blue,4.886
signal,4.886
Twitter,4.886
allergy,4.882
code,4.882
decompose,4.882
flicking,4.882
pitching,4.882
population,4.882
puzzle,4.882
stir,4.882
strand,4.882
measurement,4.882
chime,4.879
colony,4.879
digest,4.879
fare,4.879
float,4.879
herbal,4.879
host,4.879
minting,4.879
battered,4.875
convent,4.875
gorge,4.875
hurdle,4.875
slum,4.875
suburbs,4.875
flatulent,4.871
panning,4.871
passage,4.871
spherical,4.871
tracing,4.861
facility,4.857
marriage,4.857
raising,4.857
uncooked,4.857
rear,4.857
remote,4.857
soft,4.857
combat,4.853
fare,4.853
tonality,4.853
poaching,4.853
quacking,4.853
touch,4.853
mixing,4.849
committee,4.849
dummy,4.849
fucking,4.849
snuggle,4.849
picketing,4.849
islander,4.844
relic,4.844
thirst,4.844
vote,4.844
dragon,4.839
foggy,4.839
present,4.839
white,4.839
apex,4.833
archaeology,4.829
chubby,4.829
combustion,4.829
shout,4.829
hymn,4.829
lesson,4.829
lifting,4.829
bulk,4.824
deformed,4.824
filling,4.824
weight,4.824
settlement,4.824
drive,4.818
elf,4.818
fainting,4.818
franchise,4.818
riches,4.818
smear,4.818
abducted,4.813
dropping,4.813
numbers,4.813
lubricate,4.813
refugee,4.813
researcher,4.813
arrested,4.807
bait,4.807
council,4.807
dance,4.807
instructor,4.807
cast,4.8
ghetto,4.8
lance,4.8
landing,4.8
pricking,4.8
texture,4.8
tremble,4.8
venom,4.8
arsehole,4.794
crawl,4.794
salary,4.794
scream,4.794
shadow,4.794
sweet,4.794
unit,4.794
boarding,4.788
bondage,4.788
calling,4.788
champion,4.788
dusty,4.788
contest,4.788
rot,4.788
song,4.788
surf,4.788
bottom,4.781
decoration,4.781
hole,4.781
comma,4.774
chew,4.771
climb,4.771
freeze,4.771
goblin,4.771
homicide,4.771
ride,4.771
skinny,4.771
vapour,4.767
arrest,4.765
casualty,4.765
figure,4.765
forum,4.765
golden,4.765
retail,4.765
violet,4.765
convener,4.76
crime,4.758
genes,4.758
patrol,4.758
stake,4.758
diplomat,4.75
fight,4.75
fodder,4.75
parish,4.75
outdoors,4.75
sleep,4.75
wed,4.75
armed,4.746
business,4.743
read,4.743
roar,4.743
nanosecond,4.743
sickness,4.743
simmer,4.743
snort,4.743
springing,4.743
debtor,4.742
detonate,4.742
calling,4.735
drown,4.735
embrace,4.735
holding,4.735
job,4.735
physics,4.735
pruning,4.735
residue,4.735
wired,4.735
cycle,4.733
green,4.733
trample,4.733
tribe,4.733
choked,4.727
dropped,4.727
headache,4.727
mathematics,4.727
metropolis,4.727
tweet,4.727
hackney,4.724
grab,4.719
limp,4.719
match,4.719
toothache,4.719
analyst,4.714
arson,4.714
bury,4.714
combatant,4.714
session,4.714
scarlet,4.714
soak,4.714
torture,4.714
search_warrant,4.714
wrap,4.714
advisors,4.71
downward,4.71
stranger,4.71
booking,4.706
bright,4.706
darkness,4.706
dying,4.706
slope,4.706
kin,4.706
leader,4.706
neon,4.706
taper,4.704
theologian,4.704
prize,4.7
bending,4.697
clutter,4.697
kidnap,4.697
noise,4.697
scrap,4.697
substance,4.697
course_of_study,4.688
meeting,4.688
neutron,4.688
season,4.688
autumn,4.686
leader,4.686
hideaway,4.686
invoice,4.686
refill,4.686
slimy,4.686
aiming,4.677
contents,4.677
corporation,4.677
dirty,4.677
finance,4.677
peal,4.677
pounding,4.677
rotten,4.677
winding,4.677
agent,4.672
abuser,4.667
clean,4.667
agreement,4.667
credit,4.667
fact,4.667
jazz,4.667
dramatic_play,4.667
speech,4.667
celebrity,4.667
storing,4.667
suicide,4.667
lawsuit,4.667
tire,4.667
wholesale,4.667
chemistry,4.657
chunk,4.657
homosexual,4.657
set,4.657
sonnet,4.656
tumble,4.656
mooring,4.655
asshole,4.647
grading,4.647
green,4.647
pile,4.647
beast,4.646
gastric,4.645
sonar,4.643
electric_charge,4.636
standoff,4.636
eroded,4.636
starving,4.636
half,4.636
harping,4.636
location,4.636
marry,4.636
weight,4.636
sick,4.636
sow,4.636
voyager,4.636
fatal,4.629
positioning,4.629
daybreak,4.625
game,4.625
genocide,4.625
glacial,4.625
holiday,4.625
patron,4.625
pest,4.625
reward,4.625
breeze,4.618
decorate,4.618
experiment,4.618
folk,4.618
overdose,4.618
physical,4.618
guru,4.618
speak,4.618
violence,4.618
tandem,4.613
bankrupt,4.606
barging,4.606
casting,4.606
detonation,4.606
falling,4.606
rolling,4.606
ruffle,4.606
fifth,4.606
bend,4.6
filling,4.6
industrial,4.6
name,4.6
scoop,4.6
team,4.6
word,4.6
bridal,4.594
bright,4.594
stout,4.594
tyrant,4.594
cluster,4.588
empire,4.588
growl,4.588
guide,4.588
seasick,4.588
septic,4.588
usher,4.588
accountant,4.583
designer,4.581
profile,4.581
sale,4.581
anthem,4.576
atomic,4.576
entrepreneur,4.576
loop,4.576
protest,4.576
wiggle,4.576
legal_profession,4.571
crossing,4.571
home,4.571
penis,4.571
shine,4.571
toss,4.571
guest,4.567
breeze,4.563
friction,4.563
hear,4.563
madman,4.563
abroad,4.559
masturbation,4.559
pulling,4.559
second,4.559
phrase,4.559
witch,4.559
duet,4.548
hide,4.548
typeface,4.548
athletic,4.546
skill,4.546
survivor,4.546
speech,4.546
critic,4.543
gala,4.543
mate,4.543
melted,4.543
portion,4.543
thinner,4.543
barrage,4.533
bounce,4.531
draft,4.531
handicapped,4.531
spontaneous,4.531
nature,4.531
senior,4.531
stock,4.531
swarm,4.531
winding,4.531
costing,4.529
decay,4.529
location,4.529
spank,4.529
squashing,4.529
squeeze,4.529
thirsty,4.529
vision,4.529
pollution,4.516
cheering,4.515
dark,4.515
memoirs,4.515
pension,4.515
poll,4.515
blowing,4.514
class,4.514
clutching,4.514
earn,4.514
top,4.514
accelerate,4.5
alcoholic,4.5
crush,4.5
flee,4.5
fold,4.5
hobble,4.5
holding,4.5
interview,4.5
nutrition,4.5
portion,4.5
peck,4.5
procession,4.5
steep,4.493
crouching,4.486
industry,4.486
mass,4.486
mutilate,4.486
owner,4.486
study,4.486
lord,4.485
recital,4.485
candidate,4.484
concoction,4.484
derelict,4.484
spy,4.484
warrant,4.484
rhythm,4.472
blow,4.471
flying,4.471
force,4.471
fund,4.471
infectious,4.471
lover,4.471
procession,4.471
thick,4.471
consonant,4.469
currency,4.469
fizzy,4.469
fucks,4.469
honeymoon,4.469
peppering,4.469
programme,4.469
setting,4.469
smash,4.469
abode,4.464
statute,4.464
craft,4.457
employment,4.457
rightward,4.457
show,4.457
shrug,4.457
filter,4.455
goal,4.455
index,4.455
skinning,4.455
tilting,4.455
period,4.455
treble,4.455
trot,4.455
twilight,4.455
blazes,4.452
parts,4.452
messy,4.448
abduct,4.441
attack,4.441
call,4.441
capacity,4.441
cunt,4.441
expedition,4.441
metric,4.441
move,4.441
peer,4.441
planting,4.441
playing,4.441
player,4.441
spin,4.441
stanza,4.441
client,4.438
diving,4.438
errand,4.438
flick,4.438
infect,4.438
lunching,4.438
lyrics,4.438
nausea,4.438
solar,4.438
zest,4.438
prince,4.433
spelling,4.429
difficulty,4.429
zoology,4.429
cold,4.424
screwing,4.424
volume,4.424
gentleman,4.419
mileage,4.419
peers,4.419
visit,4.419
dump,4.412
melt,4.412
pioneer,4.412
positioning,4.412
race,4.412
scum,4.412
shake,4.412
trim,4.412
wreck,4.412
cover,4.406
dating,4.406
slugging,4.406
addict,4.4
diseased,4.4
gorging,4.4
live,4.4
loan,4.4
mangle,4.4
tweeting,4.4
algebra,4.394
astronomy,4.394
bridal,4.394
electric,4.394
musical_scale,4.394
sweet,4.394
tickle,4.394
volume,4.394
alimony,4.391
break,4.387
elder,4.387
hard,4.387
illness,4.387
symbol,4.387
art,4.382
date,4.382
dive,4.382
gender,4.382
shade,4.382
thrust,4.382
traction,4.382
trustee,4.382
burnt,4.375
catching,4.375
hippie,4.375
quack,4.375
season,4.375
celebration,4.371
healthy,4.371
science,4.371
sharpen,4.371
slipping,4.371
victim,4.371
pair,4.367
aid,4.364
cooling,4.364
path,4.364
laughter,4.364
polar,4.364
syllable,4.364
continental,4.355
mounted,4.355
screaming,4.355
titan,4.355
bang,4.353
lawsuit,4.353
fill,4.353
glowing,4.353
shriek,4.353
sob,4.353
voyage,4.353
choke,4.344
reckless,4.344
probe,4.344
resort,4.344
accident,4.343
debt,4.343
drawing,4.343
drunk,4.343
blonde,4.343
giant,4.343
ethnicity,4.343
section,4.343
sell,4.343
troll,4.343
mount,4.338
alive,4.333
circulation,4.333
crucify,4.333
diabetes,4.333
flicker,4.333
fowl,4.333
mess,4.333
suffocate,4.333
wilds,4.333
alien,4.324
bit,4.324
carve,4.324
crumble,4.324
drugged,4.324
dusk,4.324
entry,4.324
handler,4.324
hazard,4.324
kidnapped,4.324
loud,4.324
profit,4.324
noise,4.324
waste,4.324
incident,4.323
few,4.314
escort,4.314
giggle,4.314
meet,4.314
noon,4.314
training,4.314
violent,4.314
education,4.313
engagement,4.313
glow,4.313
expressing,4.304
crook,4.303
crunch,4.303
hold,4.303
prose,4.303
smell,4.303
wizard,4.303
aristocratic,4.3
born,4.3
stammer,4.3
drop,4.294
lead,4.294
average,4.294
nutritious,4.294
part,4.294
shuddering,4.294
strike,4.294
stroll,4.294
vision,4.294
charging,4.29
travel,4.29
add,4.286
practicing,4.286
virgin,4.286
loudness,4.286
bastard,4.281
import,4.281
poverty,4.281
beige,4.273
bitch,4.273
exhaust,4.273
handful,4.273
medieval,4.273
reflection,4.273
rural,4.273
chasm,4.269
orbit,4.267
dose,4.265
episode,4.265
execute,4.265
gag,4.265
inflame,4.265
rolling,4.265
sermon,4.265
sigh,4.265
well-dressed,4.265
short,4.265
moving,4.265
universe,4.265
burglary,4.258
celebrate,4.258
scorch,4.258
hitting,4.258
check,4.257
tidy,4.257
air,4.25
apex,4.25
calculus,4.25
divorce,4.25
outsider,4.25
strip,4.25
comrade,4.242
legal,4.242
project,4.242
huge,4.242
unicorn,4.242
capture,4.235
filth,4.235
laced,4.235
load,4.235
broad,4.235
plump,4.235
projecting,4.235
stride,4.235
tariff,4.235
tight,4.235
tribal,4.235
up,4.235
destruction,4.229
grind,4.229
kill,4.229
psychopath,4.229
scientific,4.229
busybody,4.226
rescue,4.226
stand,4.226
edifice,4.222
cure,4.219
gore,4.219
kingdom,4.219
new,4.219
pollute,4.219
angle,4.212
career,4.212
pervert,4.212
relative,4.212
strength,4.212
buy,4.206
visiting,4.206
drag,4.206
laugh,4.206
nourishment,4.206
calling,4.206
informing,4.206
sinking,4.206
tilt,4.206
warm,4.206
beat,4.2
crank,4.2
exhibit,4.2
finish,4.2
multiplication,4.2
narrow,4.2
nation,4.2
ripe,4.2
surge,4.2
chewy,4.194
clone,4.194
score,4.194
crushed,4.188
dope,4.188
fall,4.188
shiny,4.188
nuptials,4.185
core,4.182
crowd,4.182
minute,4.182
singular,4.182
snapped,4.182
transit,4.182
winner,4.182
choral,4.179
arrive,4.177
behind,4.177
hollow,4.177
installed,4.177
steer,4.177
morsel,4.172
shroud,4.172
charge,4.171
damaged,4.171
destroyer,4.171
play,4.171
serve,4.171
heredity,4.167
expanding,4.167
collect,4.161
prompt,4.161
captive,4.156
caress,4.156
cockney,4.156
legislation,4.156
prosecute,4.156
wither,4.156
bloom,4.152
erode,4.152
hour,4.152
saint,4.152
slash,4.152
taste,4.152
ticklish,4.152
wilt,4.152
disconnect,4.147
neat,4.147
patent,4.147
poetry,4.147
selection,4.147
traitor,4.147
treaty,4.147
watching,4.147
fit,4.143
idiot,4.143
rich,4.143
seize,4.143
tubular,4.143
upgrade,4.143
connoisseur,4.138
musical,4.138
neural,4.138
limber,4.133
many,4.129
shear,4.129
penalty,4.125
profession,4.125
rigid,4.125
stench,4.125
type,4.125
event,4.123
brushed,4.121
adjusting,4.121
odour,4.121
shared,4.121
enterprise,4.121
testing,4.121
stiff,4.121
bond_certificate,4.121
upward,4.121
assault,4.118
courtship,4.118
disfigured,4.118
incest,4.118
split,4.118
take,4.118
addressing,4.114
damage,4.114
selecting,4.114
enter,4.114
firing,4.114
oral,4.114
promotion,4.114
summary,4.114
draught,4.1
sovereign,4.1
celebrity,4.097
dynasty,4.097
habit,4.097
services,4.097
snap,4.097
mauve,4.094
treat,4.094
trial,4.094
tune,4.094
fairy,4.091
firm,4.091
glanced,4.091
hearing,4.091
lean,4.091
living,4.091
lumbering,4.091
matching,4.091
mugged,4.091
mutation,4.091
panorama,4.091
aristocracy,4.088
billion,4.088
bought,4.088
fashion,4.088
plain,4.088
reflex,4.088
tint,4.088
argue,4.086
caught,4.086
festive,4.086
flow,4.086
heavy,4.086
small,4.086
passing,4.086
patient,4.086
percent,4.086
review,4.086
mermaid,4.069
proof,4.065
stare,4.065
royal,4.063
stretch,4.063
traction,4.063
verge,4.063
climate,4.061
coarse,4.061
coasting,4.061
emergency,4.061
foreigner,4.061
hover,4.061
ill,4.061
bouncy,4.059
resting,4.059
citation,4.059
humanity,4.059
introduction,4.059
pause,4.059
disciple,4.057
month,4.057
novice,4.057
possession,4.057
preview,4.057
replacement,4.057
suspension,4.057
tread,4.057
win,4.057
baroque,4.042
mainstay,4.037
gaunt,4.035
sharp,4.033
sentencing,4.032
bigot,4.031
ecstasy,4.031
semester,4.031
academic,4.03
altitude,4.03
blubbering,4.03
brute,4.03
shared,4.03
gothic,4.03
gravity,4.03
musical_note,4.03
adultery,4.029
ascent,4.029
evicting,4.029
cornering,4.029
death,4.029
direct,4.029
drama,4.029
filthy,4.029
position,4.029
production,4.029
series,4.029
sick,4.029
smelly,4.029
steal,4.029
sunk,4.029
trade,4.029
bonus,4
charity,4
competition,4
confirmation,4
sharp,4
destination,4
diffusion,4
ducking,4
enterprise,4
expel,4
success,4
hour,4
invest,4
league,4
legion,4
religious_ceremony,4
master,4
middle,4
power,4
murmur,4
portal,4
protection,4
pull,4
recording,4
residential,4
salty,4
spread,4
portion,4
valentine,4
toxic,3.984
age,3.971
disaster,3.971
mission,3.971
negotiator,3.971
ration,3.971
sour,3.971
spreading,3.971
stink,3.971
system,3.971
trick,3.971
activity,3.97
gay,3.97
hang,3.97
little,3.97
certificate,3.97
persecute,3.97
sector,3.97
smooth,3.97
suspect,3.97
symptom,3.97
vowel,3.97
thin,3.969
triple,3.969
gesture,3.968
health,3.968
deed,3.943
destroy,3.943
fast,3.943
fought,3.943
occupation,3.943
gender,3.943
strong,3.943
stalemate,3.943
triple,3.943
answer,3.941
tilting,3.941
course,3.941
fraud,3.941
noisy,3.941
periodical,3.941
story,3.941
surrounding,3.941
speedy,3.941
sway,3.941
escaped,3.939
form,3.939
over,3.939
sparkle,3.939
vacant,3.939
bare,3.938
fresh,3.938
perform,3.938
blunt,3.936
fiction,3.936
full,3.936
miser,3.917
tempest,3.917
analogue,3.914
blank,3.914
cheer,3.914
amount,3.912
bail,3.912
count,3.912
graphic,3.912
historical,3.912
insurance,3.912
presenting,3.912
puzzle,3.912
slump,3.912
investment,3.912
subject,3.912
urban,3.912
dense,3.909
imported,3.909
maniac,3.909
noun,3.909
steering,3.909
stingy,3.909
alter,3.906
shaky,3.906
prophet,3.903
locate,3.886
low,3.886
professional,3.886
recite,3.886
rocketing,3.886
several,3.886
burst,3.882
comment,3.882
contender,3.882
monster,3.882
peering,3.882
ranking,3.882
stolen,3.882
streak,3.882
amplify,3.879
beaten,3.879
copy,3.879
engaged,3.879
hammered,3.879
propose,3.879
reminder,3.879
toll,3.879
dim,3.875
suspend,3.875
worn,3.875
cling,3.871
impact,3.871
panic,3.871
deduct,3.862
linear,3.857
motion,3.857
regional,3.857
service,3.857
spell,3.857
suspended,3.857
trapped,3.857
boarded,3.853
bonds,3.853
edit,3.853
first,3.853
grasp,3.853
opposition,3.853
plan,3.853
same,3.853
scale,3.853
therapy,3.853
verse,3.853
exterminate,3.849
grade,3.849
practical,3.849
infirm,3.846
expanse,3.844
research,3.844
whisper,3.844
warble,3.84
week,3.839
clean,3.829
costly,3.829
few,3.829
mingle,3.829
narcotic,3.829
peek,3.829
musical_note,3.829
bound,3.824
communication,3.824
complete,3.824
impair,3.824
jumble,3.824
multiply,3.824
quantity,3.824
reunite,3.824
strikeout,3.821
payment,3.818
fool,3.818
global,3.818
lose,3.818
management,3.818
spiritualist,3.818
patriot,3.818
primary,3.818
warmth,3.818
aches,3.813
outbreak,3.813
scent,3.813
shudder,3.813
stale,3.813
zephyr,3.813
sober,3.809
measure,3.807
perpetrator,3.807
thin,3.807
stumble,3.807
aloud,3.8
ascend,3.8
plea,3.8
nurturing,3.8
tone,3.8
vampire,3.8
calm,3.794
consult,3.794
deep,3.794
employ,3.794
gaze,3.794
finished,3.794
pronoun,3.794
ruin,3.794
proceeding,3.794
salvaged,3.794
ancient,3.788
argument,3.788
convention,3.788
detach,3.788
miles_per_hour,3.788
raise,3.788
stop,3.788
colour,3.788
wealth,3.788
martial,3.786
penalty,3.781
network,3.781
notice,3.781
pursued,3.781
sponsor,3.781
story,3.781
young,3.781
dole,3.778
doctrine,3.774
under,3.774
wanker,3.774
amusement,3.771
transform,3.771
cornered,3.771
dispose,3.771
pass,3.771
reaction,3.771
situation,3.771
wee,3.771
woo,3.767
slippery,3.765
trace,3.765
wealthy,3.765
coup,3.76
nymph,3.76
forage,3.759
crossed,3.758
demon,3.758
edition,3.758
frail,3.758
function,3.758
habit,3.758
harm,3.758
history,3.758
serving,3.758
mistake,3.758
wake,3.758
active,3.75
charlatan,3.75
clause,3.75
near,3.75
connection,3.75
fusion,3.75
ghoul,3.75
starving,3.75
whole,3.75
crisis,3.743
annnoyed,3.743
detail,3.743
weak,3.743
feature,3.743
generation,3.743
cease,3.742
divert,3.742
gabbing,3.741
definition,3.735
educate,3.735
joke,3.735
lazy,3.735
near,3.735
revolve,3.735
send,3.735
spelling,3.735
struggle,3.735
sweetheart,3.735
investigation,3.727
last,3.727
parole,3.727
reggae,3.727
startle,3.727
tamper,3.727
tribute,3.727
whimper,3.727
blend,3.719
encore,3.719
forge,3.719
news,3.719
pain,3.719
permanent,3.719
powerful,3.719
well,3.719
bond,3.714
discovery,3.714
healthy,3.714
occasion,3.714
outcome,3.714
small,3.714
healthy,3.714
decree,3.71
elite,3.706
grammar,3.706
heard,3.706
skirting,3.706
tempo,3.706
wild,3.706
advise,3.697
conquest,3.697
financial,3.697
grotesque,3.697
mumble,3.697
opening,3.697
sustenance,3.697
majority,3.692
escape,3.69
nevertheless,3.69
dependent,3.688
eldest,3.688
expert,3.688
fragrant,3.688
humanitarian,3.688
intercontinental,3.688
pick,3.688
pledge,3.688
soar,3.688
brutal,3.686
mimic,3.686
oath,3.686
prayer,3.686
real,3.686
activate,3.677
addition,3.677
bribe,3.677
grouch,3.677
descend,3.677
goodbye,3.677
heal,3.677
make,3.677
output,3.677
saviour,3.677
spur,3.677
vows,3.677
whore,3.677
youth,3.677
climax,3.667
detailed,3.667
development,3.667
grooming,3.667
high,3.667
verbal,3.667
investment,3.657
long,3.657
increasing,3.657
flutter,3.656
formation,3.656
oppose,3.656
punishment,3.656
release,3.656
substitute,3.656
teach,3.656
feat,3.655
stark,3.655
malady,3.65
anger,3.647
beg,3.647
civilization,3.647
expensive,3.647
greet,3.647
angry,3.647
session,3.647
space,3.647
adopt,3.645
atmosphere,3.645
spoiling,3.645
evangelist,3.645
heavy,3.645
rough,3.645
uplift,3.645
charlatan,3.643
appoint,3.636
breaking,3.636
confirm,3.636
crap,3.636
rhapsody,3.63
attempt,3.629
counting,3.629
introduce,3.629
natural,3.629
relation,3.629
source,3.629
drifter,3.625
eager,3.625
give,3.625
yield,3.625
small_indefinite_quantity,3.618
cheerful,3.618
crediting,3.618
ending,3.618
exclusion,3.618
negotiation,3.618
dyke,3.618
slight,3.618
stance,3.618
vaporize,3.618
angry,3.613
fade,3.613
law,3.613
scope,3.613
originate,3.613
agile,3.606
sicken,3.606
ghost,3.606
immune,3.606
itchy,3.606
pretty,3.606
velocity,3.606
accent,3.6
benefit,3.6
happiness,3.6
conviction,3.6
exact,3.6
exert,3.6
leading,3.6
open,3.6
adjective,3.594
prosecution,3.594
investigating,3.594
weigh,3.594
adage,3.588
blackmail,3.588
brink,3.588
fair,3.588
peep,3.588
quarrel,3.588
salvage,3.588
settle,3.588
faint,3.585
bout,3.581
grow,3.581
hostile,3.581
negative,3.581
pale,3.581
resign,3.581
afford,3.576
ban,3.576
brisk,3.576
compose,3.576
direction,3.576
expand,3.576
foreign,3.576
hero,3.576
surcharge,3.576
pact,3.576
plot,3.576
sore,3.576
vocation,3.576
bubbly,3.571
busy,3.571
compute,3.571
deluge,3.571
fortune,3.571
possess,3.571
rightfulness,3.571
parting,3.567
salutation,3.567
feudalism,3.565
national,3.563
unite,3.563
verb,3.563
bold,3.559
bargain,3.559
rank,3.559
sexual,3.559
slack,3.559
tough,3.559
treble,3.559
minor,3.554
grouch,3.552
aggression,3.548
cite,3.548
fail,3.548
hatred,3.548
scored,3.548
erase,3.546
legend,3.546
lively,3.546
register,3.546
arts,3.543
breach,3.543
relish,3.543
remark,3.543
replace,3.543
substantial,3.543
thrill,3.543
whine,3.543
impotent,3.536
coerce,3.533
selling,3.533
shrill,3.533
apologize,3.531
close,3.531
glance,3.531
greedy,3.531
learning,3.531
mild,3.531
ordinary,3.531
outcast,3.531
practice,3.531
repel,3.531
bluff,3.529
massive,3.529
mobility,3.529
own,3.529
perky,3.529
rogue,3.529
shortage,3.529
teasing,3.529
rendezvous,3.516
ache,3.515
addicted,3.515
agility,3.515
conquer,3.515
quick,3.515
joyous,3.515
potent,3.515
procedure,3.515
rate,3.515
role,3.515
society,3.515
strained,3.515
aroma,3.514
cheers,3.514
harsh,3.514
insult,3.514
over,3.514
toward,3.514
brilliant,3.5
comedy,3.5
accomplishing,3.5
have,3.5
joke,3.5
lost,3.5
offshoot,3.5
opportunist,3.5
riddle,3.5
safe,3.5
stay,3.5
support,3.5
used,3.5
wait,3.5
withdraw,3.5
descent,3.486
nervous,3.486
regular,3.486
rest,3.486
rhythm,3.486
romance,3.486
magnitude,3.486
technical,3.486
background,3.485
bid,3.485
borrow,3.485
competent,3.485
impress,3.485
intelligent,3.485
link,3.485
observation,3.485
plural,3.485
quit,3.485
range,3.485
relay,3.485
reunion,3.484
short,3.484
macabre,3.478
affectionate,3.471
design,3.471
fucker,3.471
haze,3.471
immunity,3.471
inspection,3.471
select,3.471
disgusting,3.471
fun,3.469
speed,3.469
tosser,3.469
weekend,3.469
words,3.469
residual,3.467
suffix,3.467
idiot,3.457
drunk,3.457
leisure,3.457
none,3.457
access,3.455
limiting,3.455
FALSE,3.455
friendship,3.455
image,3.455
racist,3.455
savant,3.455
smart,3.455
input,3.452
shock,3.452
aged,3.441
assist,3.441
clear,3.441
exploration,3.441
hurt,3.441
occupy,3.441
phrase,3.441
protect,3.441
rage,3.441
recent,3.441
shallow,3.441
sulk,3.441
boom,3.438
follow,3.438
install,3.438
pacifist,3.438
poach,3.438
reserve,3.438
elitist,3.429
explore,3.429
gain,3.429
gather,3.429
difficult,3.429
pray,3.429
ruined,3.429
selecting,3.429
inciting,3.429
strictly,3.429
stuck,3.429
catch,3.424
maximum,3.424
private,3.424
scheme,3.424
tiny,3.424
abuse,3.419
cost,3.419
engage,3.419
snaked,3.419
handsome,3.412
hush,3.412
momentum,3.412
organised,3.412
right,3.412
only,3.412
threatening,3.412
dare,3.406
dismiss,3.406
cooperate,3.4
delay,3.4
enquire,3.4
excel,3.4
question,3.4
affair,3.394
clue,3.394
deal,3.394
dodgy,3.394
forty,3.394
jeopardy,3.394
language,3.394
mankind,3.394
mistake,3.394
neutral,3.394
silent,3.394
stupid,3.394
bravery,3.387
quiet,3.387
slow,3.387
welfare,3.387
angel,3.382
console,3.382
down,3.382
hallucination,3.382
hurry,3.382
legend,3.382
untruth,3.382
safely,3.382
sleepy,3.382
valuable,3.382
aloft,3.379
discover,3.375
epidemic,3.375
export,3.375
environmental,3.375
revolt,3.375
alone,3.371
circulate,3.371
guided,3.371
jolly,3.371
stress,3.371
void,3.371
abdicate,3.367
bereavement,3.364
broken,3.364
instance,3.364
consent,3.364
enquiry,3.364
fabricate,3.364
topic,3.364
nourish,3.364
preface,3.364
seduction,3.364
triumph,3.364
luxury,3.355
creep,3.353
daze,3.353
suitable,3.353
handy,3.353
hilarious,3.353
named,3.353
observe,3.353
psychology,3.353
react,3.353
soiling,3.353
appreciate,3.344
rearing,3.344
idiot,3.343
effort,3.343
irritate,3.343
main,3.343
menace,3.343
share,3.343
silence,3.343
brand,3.333
bullish,3.333
idol,3.333
liar,3.333
loafing,3.333
meek,3.333
ownership,3.333
recall,3.333
revolution,3.333
rival,3.333
scarce,3.333
seasonal,3.333
threat,3.333
tyranny,3.333
wonky,3.333
annoying,3.324
boost,3.324
civilized,3.324
danger,3.324
enthusiastic,3.324
most,3.324
conspiring,3.324
slight,3.324
genius,3.323
innate,3.323
older,3.323
tired,3.323
adverb,3.314
after,3.314
approval,3.314
exhausted,3.314
forceful,3.314
furious,3.314
inspect,3.314
learn,3.314
manner,3.314
naughty,3.314
ordeal,3.314
persecution,3.314
prefix,3.314
tone,3.314
accept,3.313
all,3.313
cosy,3.313
error,3.313
exertion,3.313
jargon,3.313
launch,3.313
loose,3.313
reflect,3.313
reverse,3.313
snob,3.313
surrender,3.313
theatrical,3.306
bastards,3.303
compare,3.303
fuck,3.303
kinky,3.303
negotiate,3.303
attracting,3.303
taught,3.303
perjury,3.3
truce,3.3
aiming,3.294
magic_spell,3.294
declare,3.294
least,3.294
prevent,3.294
sheer,3.294
warning,3.294
tale,3.294
abdication,3.292
provide,3.29
rude,3.29
abbreviate,3.286
clever,3.286
delighted,3.286
distress,3.286
positive,3.286
tale,3.286
category,3.286
commanding,3.281
disband,3.281
remedy,3.281
reset,3.281
seek,3.281
stray,3.281
talent,3.281
instant,3.273
major,3.273
pressure,3.273
quick,3.273
faction,3.269
interim,3.269
precise,3.267
stagnant,3.267
anecdote,3.265
delicious,3.265
enjoy,3.265
evenness,3.265
fury,3.265
hidden,3.265
lovely,3.265
new,3.265
obedience,3.265
quitter,3.265
reduce,3.265
tenderness,3.265
welcome,3.265
conceal,3.258
democracy,3.258
escape,3.258
sonic,3.258
girly,3.257
nurture,3.257
privacy,3.257
quest,3.257
respect,3.257
rhyme,3.257
success,3.257
arrogant,3.25
gallant,3.25
violate,3.25
change,3.242
every,3.242
common,3.242
medium,3.242
melody,3.242
skilled,3.242
acute,3.235
credit,3.235
deviant,3.235
even,3.235
exhaustion,3.235
joy,3.235
pursuit,3.235
rancid,3.235
subtract,3.235
socialist,3.233
abundance,3.229
amateur,3.229
attention,3.229
compliment,3.229
connect,3.229
darling,3.229
explain,3.229
flirt,3.229
glimpse,3.229
help,3.229
lovable,3.229
performance,3.229
soothing,3.229
supplication,3.227
fabrication,3.226
hinder,3.226
nice,3.226
satisfied,3.226
vigilance,3.226
virile,3.222
ace,3.219
dazzle,3.219
discrete,3.219
elated,3.219
freed,3.219
intermediate,3.219
surplus,3.219
thanks,3.219
rapport,3.212
countering,3.212
dying,3.212
fatigue,3.212
plead,3.212
restore,3.212
aberration,3.208
drift,3.206
endure,3.206
greed,3.206
distributing,3.206
origin,3.206
affordable,3.2
estimate,3.2
evaluate,3.2
outrage,3.2
protected,3.2
intelligent,3.2
stereotype,3.2
trouble,3.2
voluminous,3.2
vow,3.2
warn,3.2
atrocity,3.194
boast,3.194
passion,3.194
risk,3.194
folly,3.192
absorb,3.188
behave,3.188
common,3.188
coward,3.188
culture,3.188
exclude,3.188
hierarchy,3.188
snatch,3.188
theme,3.188
third,3.188
able,3.182
alert,3.182
authentic,3.182
contain,3.182
helpful,3.182
crucial,3.182
magnitude,3.182
optimal,3.182
determined,3.182
setback,3.182
sluggish,3.182
answer,3.182
start,3.182
abyss,3.177
apply,3.177
distract,3.177
durable,3.177
gradual,3.177
hesitation,3.177
permission,3.177
ranging,3.177
recognition,3.177
softly,3.177
varied,3.177
violation,3.177
convene,3.172
agreement,3.171
corrupt,3.171
premium,3.171
serious,3.171
stylish,3.171
strife,3.167
various,3.167
confer,3.161
gloomy,3.161
organise,3.161
prudent,3.161
rejected,3.161
tension,3.161
treason,3.161
awarded,3.156
depress,3.156
marital,3.156
minimum,3.156
prior,3.156
thank,3.156
vain,3.156
youthful,3.156
putrid,3.154
agony,3.152
relying,3.152
beginning,3.152
ethnic,3.152
nimble,3.152
offend,3.152
onslaught,3.152
option,3.152
quietly,3.152
stressful,3.152
surprise,3.152
survive,3.152
universal,3.152
brief,3.147
careful,3.147
creator,3.147
distant,3.147
drifting,3.147
issue,3.147
nightmare,3.147
supportive,3.147
triumphant,3.147
weary,3.147
arise,3.143
behaviour,3.143
catastrophe,3.143
content,3.143
easy,3.143
enraged,3.143
grief,3.143
grieve,3.143
grim,3.143
hate,3.143
induce,3.143
praise,3.143
prestige,3.143
secure,3.143
sobriety,3.143
dull,3.139
effeminate,3.133
poor,3.129
revoke,3.129
wasteful,3.129
brainy,3.125
concealed,3.125
despair,3.125
insulting,3.125
charming,3.121
classical,3.121
disgust,3.121
fluent,3.121
solution,3.121
stalling,3.121
suiting,3.121
versus,3.121
actual,3.118
affection,3.118
agree,3.118
intelligence,3.118
obedient,3.118
obey,3.118
reliable,3.118
safety,3.118
adapt,3.114
comfort,3.114
dangerous,3.114
impressive,3.114
responsible,3.114
useful,3.114
emancipation,3.111
reverent,3.107
approve,3.097
fun,3.097
impaired,3.097
latent,3.097
adjust,3.094
humorous,3.094
paradise,3.094
enhance,3.091
exciting,3.091
frantic,3.091
freak,3.091
future,3.091
loyal,3.091
need,3.091
phase,3.091
rare,3.091
regime,3.091
distant,3.091
skill,3.091
sustain,3.091
temerity,3.091
tense,3.091
trance,3.091
accused,3.088
boastful,3.088
farewell,3.088
favour,3.088
fierce,3.088
mock,3.088
obsession,3.088
particular,3.088
modifying,3.088
relaxing,3.088
sure,3.088
tensing,3.088
value,3.088
away,3.086
disappoint,3.086
intend,3.086
suffering,3.086
embarrassment,3.065
horror,3.065
irritation,3.065
occur,3.065
define,3.063
lavish,3.063
defeat,3.061
emphasize,3.061
faded,3.061
fake,3.061
mode,3.061
sensual,3.061
tame,3.061
acquire,3.059
apology,3.059
chaos,3.059
clingy,3.059
compete,3.059
confidence,3.059
cues,3.059
dealing,3.059
depression,3.059
drab,3.059
duty,3.059
flirty,3.059
ignore,3.059
like,3.059
progression,3.059
promote,3.059
remind,3.059
status,3.059
hyper,3.059
bored,3.057
conclude,3.057
malicious,3.057
obscene,3.057
correct,3.057
offend,3.057
soothe,3.057
transition,3.057
upset,3.056
debacle,3.044
ponce,3.039
docile,3.033
impulse,3.033
quibble,3.033
spree,3.033
difficult,3.032
doomed,3.032
care,3.031
criticism,3.031
mad,3.031
quick,3.031
relax,3.031
aggressive,3.03
cheap,3.03
classify,3.03
cultural,3.03
dear,3.03
discomfort,3.03
distraction,3.03
frigid,3.03
type,3.03
minority,3.03
rating,3.03
scapegoat,3.03
vanish,3.03
attract,3.029
intelligent,3.029
charming,3.029
contempt,3.029
depressed,3.029
detached,3.029
devise,3.029
displeased,3.029
end,3.029
erotic,3.029
excitement,3.029
flourish,3.029
untruths,3.029
loser,3.029
moody,3.029
offence,3.029
relieved,3.029
selfish,3.029
style,3.029
nice,3.029
terrifying,3.029
whiff,3.029
existence,3.028
abundant,3
afar,3
begin,3
bitter,3
conclusion,3
condemn,3
currently,3
dangle,3
deceive,3
delight,3
description,3
dissident,3
dizzy,3
dwell,3
economy,3
enact,3
foxy,3
frank,3
frugal,3
futile,3
gossip,3
govern,3
gripe,3
hint,3
improve,3
independent,3
indifferent,3
infatuation,3
insufficient,3
length,3
method,3
norm,3
ordain,3
pensive,3
predicament,3
process,3
progress,3
punish,3
pursue,3
realize,3
stern,3
sternness,3
subdue,3
suspicion,3
swift,3
tricky,3
upkeep,3
usual,3
victory,3
wrath,3
neglected,2.972
allow,2.971
allowed,2.971
annoyance,2.971
barely,2.971
casual,2.971
disturb,2.971
enjoyment,2.971
fantastic,2.971
fear,2.971
funny,2.971
happiness,2.971
humane,2.971
evaluating,2.971
justice,2.971
mighty,2.971
occurrence,2.971
pessimist,2.971
ploy,2.971
powerless,2.971
prolong,2.971
sissy,2.971
suppress,2.971
technicality,2.971
array,2.97
comparison,2.97
harmful,2.97
hounding,2.97
stingy,2.97
difficulty,2.97
foul,2.97
regulation,2.97
upheld,2.97
condescending,2.969
dumb,2.969
large,2.969
sad,2.969
anthropology,2.968
devil,2.968
irresistible,2.968
timid,2.968
zeal,2.947
capacity,2.943
clumsy,2.943
contribution,2.943
everything,2.943
fond,2.943
general,2.943
hypothesis,2.943
improvement,2.943
nuisance,2.943
please,2.943
speciality,2.943
thrilling,2.943
ability,2.941
accidental,2.941
blunder,2.941
cute,2.941
illusion,2.941
lie,2.941
liking,2.941
lure,2.941
nice,2.941
obsessive,2.941
rebound,2.941
strain,2.941
boycott,2.939
embezzle,2.939
grateful,2.939
understanding,2.939
tasty,2.939
ugly,2.939
wiped,2.939
circumstances,2.938
manic,2.938
thrifty,2.938
vigour,2.938
weak,2.938
graceful,2.936
torment,2.936
inebriated,2.933
intermittent,2.931
gaiety,2.926
boring,2.914
smart,2.914
courageous,2.914
devoted,2.914
disgusted,2.914
haven,2.914
optimist,2.914
sensitive,2.914
adventure,2.912
comfortable,2.912
deduct,2.912
distinction,2.912
goddess,2.912
impression,2.912
impulsive,2.912
luscious,2.912
meddle,2.912
midst,2.912
mischievous,2.912
scared,2.912
ghost,2.912
theory,2.912
traumatic,2.912
untroubled,2.912
blessings,2.909
command,2.909
disclosure,2.909
entitle,2.909
exclaimation,2.909
nasty,2.909
possessive,2.909
reassure,2.909
collate,2.906
competence,2.906
frightening,2.906
glad,2.906
crazy,2.906
mean,2.906
opportunity,2.906
victory,2.906
vast,2.906
trauma,2.903
exclaim,2.9
frightened,2.9
harmony,2.9
oblivious,2.9
entail,2.897
insolent,2.897
worried,2.889
brilliant,2.886
disturbed,2.886
attracting,2.886
serious,2.886
joyful,2.886
admired,2.882
confess,2.882
determine,2.882
incompetent,2.882
intimate,2.882
optimistic,2.882
wimp,2.882
reserved,2.882
venture,2.882
worthy,2.882
determined,2.881
achieve,2.879
achievement,2.879
advantage,2.879
amuse,2.879
arouse,2.879
luck,2.879
offended,2.879
distinguish,2.879
easygoing,2.879
great,2.879
honest,2.879
kind,2.879
omission,2.879
power,2.879
sexy,2.879
urge,2.879
attractive,2.875
burden,2.875
chose,2.875
dapper,2.875
sad,2.875
glamour,2.875
peaceful,2.875
quantum,2.875
tease,2.875
concoct,2.871
falter,2.871
request,2.871
obscenity,2.867
randy,2.867
swindle,2.867
tepid,2.867
paradox,2.862
vigorous,2.861
boredom,2.857
cool,2.857
gods,2.857
infringe,2.857
context,2.853
describe,2.853
emphasis,2.853
memory,2.853
sins,2.853
terror,2.853
trend,2.853
happy,2.849
covert,2.849
develop,2.849
deviation,2.849
discourage,2.849
motivation,2.849
gross,2.849
holy,2.849
love,2.849
marvel,2.849
matrix,2.849
sleek,2.849
awkward,2.844
discipline,2.844
oppress,2.844
other,2.844
version,2.844
worry,2.844
popular,2.839
defiant,2.839
stealth,2.839
nave,2.833
utter,2.833
abrupt,2.829
curse,2.829
devote,2.829
ease,2.829
intellectual,2.829
only,2.829
reject,2.829
smart,2.829
belief,2.824
desolate,2.824
distressed,2.824
excellence,2.824
goofy,2.824
gorgeous,2.824
limit,2.824
ridicule,2.824
romantic,2.824
talented,2.824
vigilant,2.824
warranting,2.824
aptitude,2.818
contend,2.818
dignified,2.818
enthusiasm,2.818
preventing,2.818
foolish,2.818
idle,2.818
personal,2.818
silly,2.818
tragedy,2.818
eerie,2.813
feeble,2.813
good,2.813
impose,2.813
scare,2.813
strict,2.813
urgent,2.813
thematic,2.81
insult,2.807
defame,2.807
desirable,2.807
ideal,2.807
listless,2.807
remorseful,2.807
intending,2.806
beneficial,2.8
capable,2.8
complement,2.8
conformity,2.8
dominate,2.8
glee,2.8
lush,2.8
persistent,2.8
pride,2.8
shame,2.8
acceptance,2.794
crazy,2.794
criticize,2.794
deduction,2.794
dreary,2.794
ecstatic,2.794
frustrated,2.794
lust,2.794
neglect,2.794
objective,2.794
responsibility,2.794
scandal,2.794
useless,2.794
vary,2.794
serene,2.793
attitude,2.788
deserving,2.788
hesitant,2.788
humiliation,2.788
interesting,2.788
lend,2.788
malice,2.788
mirage,2.788
pure,2.788
quality,2.788
satire,2.788
elite,2.788
amazing,2.781
drawback,2.781
prone,2.781
proxy,2.778
irritating,2.774
bad,2.771
closure,2.771
equal,2.771
fabulous,2.771
frustrate,2.771
guilty,2.771
advanced,2.765
concentrate,2.765
conform,2.765
contribute,2.765
custom,2.765
democratic,2.765
motherfucker,2.765
oblige,2.765
obnoxious,2.765
pungent,2.765
resentful,2.765
sorrow,2.765
feudal,2.759
confuse,2.758
honest,2.758
instance,2.758
merry,2.758
oblivion,2.758
argument,2.758
sadness,2.758
time_period,2.758
appear,2.75
delirium,2.75
expression,2.75
extreme,2.75
incentive,2.75
sulky,2.75
disgusting,2.743
generous,2.743
interest,2.743
tolerant,2.743
playful,2.743
prove,2.743
refresh,2.743
sceptical,2.743
temptation,2.743
touchy,2.743
betray,2.742
dreams,2.742
wit,2.742
worship,2.742
attribute,2.735
efficient,2.735
extravagant,2.735
misery,2.735
pitiful,2.735
unsuccessful,2.735
elation,2.733
freaky,2.733
mischief,2.729
applied,2.727
ashamed,2.727
beauty,2.727
excuse,2.727
ignorant,2.727
similar,2.727
lonely,2.727
mystery,2.727
prosperous,2.727
shy,2.727
social,2.727
suicidal,2.727
tempt,2.727
trustworthy,2.727
use,2.727
fallacy,2.724
blessing,2.722
confused,2.719
defy,2.719
dire,2.719
dream,2.719
life,2.719
simple,2.719
vicious,2.719
wise,2.719
chaotic,2.714
grace,2.714
heroism,2.714
meagre,2.714
mercy,2.714
namesake,2.714
needy,2.714
obsess,2.714
obvious,2.714
perceive,2.714
regret,2.714
shrewd,2.714
witty,2.714
admire,2.71
helpless,2.71
pester,2.71
behalf,2.706
cruel,2.706
embarrass,2.706
reckoning,2.706
forget,2.706
immature,2.706
intellect,2.706
painful,2.706
divination,2.704
appeared,2.7
plight,2.7
ritual,2.7
dopey,2.697
friendly,2.697
nutcase,2.697
proper,2.697
reason,2.697
proud,2.692
radiant,2.688
troubling,2.688
zero,2.688
afraid,2.686
bother,2.686
create,2.686
foul,2.686
insecurity,2.686
necessary,2.686
weirdo,2.686
actually,2.677
aim,2.677
amusing,2.677
aroused,2.677
caution,2.677
choose,2.677
fame,2.677
jealousy,2.677
disagreeing,2.677
polite,2.677
ridiculous,2.677
successful,2.677
tendency,2.677
tender,2.677
bitchy,2.667
bliss,2.667
dissent,2.667
failure,2.667
fair,2.667
impropriety,2.667
keen,2.667
reckless,2.667
repent,2.667
anxious,2.657
delightful,2.657
disloyal,2.657
gentle,2.657
rumour,2.657
suffer,2.657
tedious,2.657
uplifting,2.657
endless,2.656
uncomfortable,2.656
dream,2.656
criticizing,2.655
best,2.647
forgetful,2.647
disgusting,2.647
humour,2.647
liberty,2.647
persist,2.647
psychotic,2.647
relate,2.647
sceptic,2.647
sincere,2.647
unbalancing,2.647
petty,2.645
decent,2.636
pacifism,2.636
phantom,2.636
sinister,2.636
overt,2.633
banal,2.632
enthral,2.63
attraction,2.629
aware,2.629
brave,2.629
remarkable,2.629
surprising,2.629
befall,2.625
confident,2.625
emotion,2.625
immense,2.625
neurotic,2.625
anxiety,2.618
cautious,2.618
excited,2.618
express,2.618
fortunate,2.618
gloom,2.618
hopeful,2.618
interest,2.618
superb,2.618
improvising,2.618
glamorous,2.613
trinity,2.613
lacking,2.606
sin,2.606
super,2.606
weird,2.606
aspect,2.6
astonish,2.6
complicated,2.6
confide,2.6
disposition,2.6
gullible,2.6
horrid,2.6
mood,2.6
morbid,2.6
paranoid,2.6
parochial,2.6
tact,2.6
eccentric,2.594
happy,2.594
indentify,2.594
omit,2.594
outlook,2.594
peculiar,2.594
scorn,2.594
devotion,2.588
doubt,2.588
hesitate,2.588
idiotic,2.588
innocent,2.588
justify,2.588
opinion,2.588
uphold,2.588
vivid,2.588
allure,2.581
charm,2.581
scary,2.581
wonderful,2.576
crude,2.576
desire,2.576
fault,2.576
revolting,2.576
sensing,2.576
sensitive,2.576
shocking,2.576
confusion,2.571
loving,2.571
modest,2.571
troublesome,2.571
episodic,2.567
bland,2.563
condescend,2.563
exist,2.563
loophole,2.563
miserable,2.563
peace,2.563
unfaithful,2.563
anguish,2.559
supreme,2.559
wicked,2.559
solemn,2.548
unify,2.548
appearance,2.546
blasphemy,2.546
complex,2.546
famous,2.546
gloat,2.546
gratitude,2.546
incredible,2.546
nasty,2.546
nonsense,2.546
seduce,2.546
spooky,2.546
blame,2.543
cowardice,2.543
glorious,2.543
imagination,2.543
merciful,2.543
crazy,2.543
foible,2.533
elegant,2.531
horrible,2.531
inferior,2.531
primal,2.531
awe,2.529
cunning,2.529
guilt,2.529
partial,2.529
sane,2.529
sense,2.529
subtle,2.529
TRUE,2.529
insane,2.528
valour,2.519
fictitious,2.516
lies,2.516
absurdly,2.515
beautiful,2.515
status,2.515
cowardly,2.515
emotional,2.515
mythology,2.515
passionate,2.515
reassuring,2.515
tranquil,2.515
worse,2.515
honesty,2.514
magnificent,2.514
uncommon,2.514
achieved,2.5
adequate,2.5
annoy,2.5
astonished,2.5
disclose,2.5
dread,2.5
empty,2.5
faithful,2.5
fuss,2.5
irony,2.5
rather,2.5
sensational,2.5
theology,2.5
woe,2.5
intense,2.486
abide,2.485
diverse,2.485
fright,2.485
remorse,2.485
time,2.485
underworld,2.485
adversity,2.484
delude,2.484
haphazard,2.484
sensible,2.484
sublime,2.484
disdain,2.482
disappointed,2.471
essence,2.471
exquisite,2.471
imposing,2.471
jealous,2.471
lousy,2.471
odd,2.471
severe,2.471
suppression,2.471
economic,2.469
elaborate,2.469
fearful,2.469
glory,2.469
important,2.469
mind,2.469
spirit,2.469
jubilant,2.467
decadent,2.464
ensure,2.457
instinct,2.457
prosperity,2.457
recognize,2.457
sanity,2.457
adverse,2.455
avenge,2.455
ego,2.455
hope,2.455
insanity,2.455
limited,2.455
elude,2.452
brazen,2.448
frustration,2.441
hardship,2.441
shameful,2.441
trust,2.441
quite,2.438
independence,2.433
bleak,2.429
yearning,2.429
longing,2.429
enchantment,2.429
hankering,2.424
prosper,2.424
wrong,2.424
affect,2.412
appalling,2.412
happily,2.412
humble,2.412
reasonable,2.412
sad,2.412
strange,2.412
terrify,2.412
uneasy,2.412
worst,2.412
beware,2.406
goodness,2.406
naive,2.406
obliging,2.406
chance,2.4
courage,2.4
deceit,2.4
free,2.4
gist,2.4
humiliated,2.4
passive,2.4
satisfaction,2.4
thankful,2.4
unusual,2.4
which,2.4
detest,2.394
discretion,2.394
insecure,2.394
risky,2.394
sentimental,2.394
dejected,2.387
knowledge,2.387
evoke,2.375
seldom,2.375
wonderful,2.375
worth,2.375
inspired,2.371
fascinating,2.364
resent,2.364
advice,2.353
amaze,2.353
inane,2.346
accuse,2.344
adore,2.344
despise,2.344
prideful,2.344
terrific,2.344
wish,2.344
hell,2.343
desperate,2.333
excellent,2.333
fortuitous,2.333
inkling,2.333
offensive,2.333
engaging,2.324
miracle,2.324
mystic,2.324
sensation,2.324
pity,2.323
heaven,2.314
loyalty,2.314
subjective,2.314
outstanding,2.313
terrible,2.313
wonder,2.313
quiescent,2.308
afterlife,2.303
empathy,2.303
ghastly,2.303
personality,2.303
pining,2.303
common_sense,2.303
moment,2.3
ambition,2.294
clueless,2.294
evil,2.294
moral,2.294
assuring,2.29
fanciful,2.29
wistful,2.29
faith,2.286
resentment,2.286
taboo,2.286
former,2.281
insincere,2.281
might,2.281
obscure,2.281
vulgar,2.281
ever,2.273
god,2.273
necessity,2.273
sentiment,2.273
thoughtful,2.273
unhappy,2.273
betrayal,2.265
imaginative,2.265
miraculous,2.265
truth,2.265
adorable,2.258
believe,2.258
captivating,2.258
ingratitude,2.258
lucky,2.258
funky,2.257
undesirable,2.257
vanity,2.257
curious,2.25
impressionism,2.25
determination,2.242
occasionally,2.242
vile,2.242
cynical,2.235
deception,2.235
equality,2.233
anticipation,2.229
deluded,2.229
dignity,2.229
freedom,2.229
infinity,2.229
perception,2.229
virtuous,2.226
animosity,2.219
identity,2.219
ritualistic,2.219
atrocious,2.212
awful,2.206
neurosis,2.206
inspiration,2.206
luck,2.206
pleasure,2.206
special,2.206
sympathy,2.206
thoughtless,2.206
become,2.188
belong,2.188
spectacular,2.188
tragic,2.188
doom,2.182
inspire,2.182
idea,2.177
inefficient,2.177
disparity,2.172
magic,2.171
phenomenon,2.171
intent,2.171
figment,2.167
dubious,2.161
know,2.161
misconception,2.156
unique,2.156
honour,2.147
aloof,2.138
bizarre,2.129
notion,2.121
profound,2.121
weakness,2.121
impossible,2.118
possibly,2.118
virtue,2.118
dogma,2.107
convert,2.094
humiliate,2.091
desperation,2.088
soul,2.088
habituate,2.067
absurd,2.065
awesome,2.061
theoretical,2.061
blessed,2.059
optimism,2.059
concept,2.057
phenomenal,2.057
bless,2.032
random,2.031
thought,2.03
fantasy,2.029
romanticize,2.029
apathy,2
captivate,2
destiny,2
nonchalant,2
religion,2
euphoria,1.97
madness,1.97
conceptual,1.939
divine,1.936
wisdom,1.936
imagine,1.914
deserve,1.912
magical,1.886
unbelievable,1.886
myth,1.879
vague,1.849
fate,1.794
morality,1.767
philosophy,1.758
abstract,1.714
soul,1.706
immoral,1.647
infinite,1.636
